{	"M1RH": {
		"synapse_0": {
			"type": "M1RH_LTS5-41",
			"experiment": "GBZ_CC_H20",
			"U": 0.05239447460743141,
			"tauR": 0.675467409735689,
			"tauF": 1.8177548458924233,
			"tau": 0.5760376734651136,
			"cond": 0.00015031398219367276,
			"nmda_ratio": 3.961193358347214
		},
		"synapse_1": {
			"type": "M1RH_ALTS7-42",
			"experiment": "GBZ_CC_H20",
			"U": 0.052960181211905,
			"tauR": 0.7095522303976656,
			"tauF": 0.6917411357343114,
			"tau": 0.35220208830209115,
			"cond": 0.0015714173101561424,
			"nmda_ratio": 6.5730951384502365
		},
		"synapse_2": {
			"type": "M1RH_LTS3-49",
			"experiment": "GBZ_CC_H20",
			"U": 0.028250891853167315,
			"tauR": 1.1989988346657008,
			"tauF": 1.354889324259572,
			"tau": 0.9953045965140553,
			"cond": 0.00037176827804118184,
			"nmda_ratio": 6.477674542395708
		},
		"synapse_3": {
			"type": "LTS8-52",
			"experiment": "GBZ_CC_H20",
			"U": 0.08521531212203434,
			"tauR": 1.080642404334847,
			"tauF": 0.42496137349247753,
			"tau": 0.4562687728937942,
			"cond": 0.0003814565228067168,
			"nmda_ratio": 4.911963520841806
		},
		"synapse_4": {
			"type": "M1RH_LTS11-55",
			"experiment": "GBZ_CC_H20",
			"U": 0.17099654379556456,
			"tauR": 0.46044746308039497,
			"tauF": 0.15915690673726368,
			"tau": 0.267075264457796,
			"cond": 0.0003778194838545551,
			"nmda_ratio": 4.707102815619432
		},
		"synapse_5": {
			"type": "M1RH_LTS13-57",
			"experiment": "GBZ_CC_H20",
			"U": 0.049369781367672005,
			"tauR": 1.6801754803657538,
			"tauF": 1.2503953268680021,
			"tau": 1.4062025603527533,
			"cond": 0.00021764694173541764,
			"nmda_ratio": 7.456163261451506
		},
		"synapse_6": {
			"type": "M1RH_LTS8-64",
			"experiment": "GBZ_CC_H20",
			"U": 0.23327700643450466,
			"tauR": 1.4301430522976701,
			"tauF": 0.1242547642018228,
			"tau": 0.024736030091762198,
			"cond": 0.00038998289079869965,
			"nmda_ratio": 5.97678772963852
		},
		"synapse_7": {
			"type": "M1RH_ALTS8-69",
			"experiment": "GBZ_CC_H20",
			"U": 0.05043778405870897,
			"tauR": 0.9685769805298702,
			"tauF": 0.9967210580502994,
			"tau": 0.7972992510756757,
			"cond": 0.0004460355567874369,
			"nmda_ratio": 3.773625151905181
		},
		"synapse_8": {
			"type": "M1RH_LTS16-194",
			"experiment": "GBZ_CC_H20",
			"U": 0.26538612521508625,
			"tauR": 0.31036528950461556,
			"tauF": 0.5038779179930394,
			"tau": 0.28343620660484975,
			"cond": 6.001170983255831e-05,
			"nmda_ratio": 4.979076983264893
		},
		"synapse_9": {
			"type": "M1RH_ALTS4-308",
			"experiment": "GBZ_CC_H20",
			"U": 0.09792468623753725,
			"tauR": 0.47669985394433323,
			"tauF": 0.6203508644904661,
			"tau": 0.21559094223374056,
			"cond": 0.0023126648798437455,
			"nmda_ratio": 3.447436861435202
		}
	}
}
