{
	"M1RH": {
		"synapse_0": {
			"type": "M1RH_ChAT10-26",
			"experiment": "GBZ_CC_H20",
			"U": 0.06740802984278194,
			"tauR": 0.13996279328497185,
			"tauF": 0.08157217246710613,
			"tau": 0.06727080754728033,
			"cond": 0.0030837641269656213,
			"nmda_ratio": 6.6918606040008735
		},
		"synapse_1": {
			"type": "M1RH_ChAT6-62",
			"experiment": "GBZ_CC_H20",
			"U": 0.06574778602673036,
			"tauR": 0.5581476966846008,
			"tauF": 0.18738067340445785,
			"tau": 0.3935924933840104,
			"cond": 0.005513412937479256,
			"nmda_ratio": 3.9239575163779383
		},
		"synapse_2": {
			"type": "M1RH_ChAT14-111",
			"experiment": "GBZ_CC_H20",
			"U": 0.8941094853363152,
			"tauR": 0.010663317651841153,
			"tauF": 1.753858670468658,
			"tau": 0.005793880297283717,
			"cond": 0.002916417729954966,
			"nmda_ratio": 4.441325192406086
		},
		"synapse_3": {
			"type": "M1RH_ChAT3-121",
			"experiment": "GBZ_CC_H20",
			"U": 0.405613471953177,
			"tauR": 0.019041585597001198,
			"tauF": 0.17833176762656788,
			"tau": 0.0005286324254217913,
			"cond": 0.0030970488420976883,
			"nmda_ratio": 3.236248041974134
		},
		"synapse_4": {
			"type": "M1RH_ChAT10-125",
			"experiment": "GBZ_CC_H20",
			"U": 0.13203471311722315,
			"tauR": 0.8750502025751747,
			"tauF": 0.299089405713729,
			"tau": 0.09772313030324074,
			"cond": 0.0029512858425098237,
			"nmda_ratio": 3.968925635067396
		},
		"synapse_5": {
			"type": "M1RH_ChAT12-126",
			"experiment": "GBZ_CC_H20",
			"U": 0.06196109348090478,
			"tauR": 1.6228972479057069,
			"tauF": 0.6514580525489112,
			"tau": 0.6121010011628736,
			"cond": 0.0033615981368457226,
			"nmda_ratio": 5.358800267817722
		},
		"synapse_6": {
			"type": "M1RH_ChAT11-189",
			"experiment": "GBZ_CC_H20",
			"U": 0.09207161214559653,
			"tauR": 1.525111955838439,
			"tauF": 0.705683799166376,
			"tau": 0.45105091634593136,
			"cond": 0.004896951152339568,
			"nmda_ratio": 3.9193466383475384
		}
	}
}
