{
	"TH": {
		"synapse_0": {
			"type": "TH-ChAT10-7",
			"experiment": "GBZ_CC_H20",
			"U": 0.07889020649595746,
			"tauR": 0.5624512426377717,
			"tauF": 0.03424592600248136,
			"tau": 0.5529692346070081,
			"cond": 0.0037632473155753865,
			"nmda_ratio": 4.483629576629492
		},
		"synapse_1": {
			"type": "TH_ChAT7-31",
			"experiment": "GBZ_CC_H20",
			"U": 0.6595257032225843,
			"tauR": 0.042776334550147746,
			"tauF": 0.963243955916042,
			"tau": 0.03887098281791314,
			"cond": 0.0006828011410681296,
			"nmda_ratio": 7.139521087845571
		},
		"synapse_2": {
			"type": "TH_ChAT3-45",
			"experiment": "GBZ_CC_H20",
			"U": 0.08160196107698764,
			"tauR": 0.2687033020367908,
			"tauF": 0.05031944929838629,
			"tau": 0.22321832159742083,
			"cond": 0.001256492133881394,
			"nmda_ratio": 3.321133106675192
		},
		"synapse_3": {
			"type": "TH_ChAT11-49",
			"experiment": "GBZ_CC_H20",
			"U": 0.06536820027703438,
			"tauR": 1.2910699131928745,
			"tauF": 0.040605350843283504,
			"tau": 0.6125903906179628,
			"cond": 0.013091977059179971,
			"nmda_ratio": 4.6451643331799435
		},
		"synapse_4": {
			"type": "TH_ChAT14-51",
			"experiment": "GBZ_CC_H20",
			"U": 0.16170675360845677,
			"tauR": 0.9903798819499287,
			"tauF": 0.08892070750194059,
			"tau": 0.27468748297375206,
			"cond": 0.006027263353975895,
			"nmda_ratio": 4.861889144655256
		},
		"synapse_5": {
			"type": "TH_ChAT6-85",
			"experiment": "GBZ_CC_H20",
			"U": 0.016533505399547455,
			"tauR": 0.5517901424399214,
			"tauF": 0.7118251656409991,
			"tau": 0.20969437361016804,
			"cond": 0.09613147018797587,
			"nmda_ratio": 6.900023418442335
		},
		"synapse_6": {
			"type": "TH_ChAT8-87",
			"experiment": "GBZ_CC_H20",
			"U": 0.09797905799261147,
			"tauR": 0.9409615992422785,
			"tauF": 0.016833380588201052,
			"tau": 0.5496409266725147,
			"cond": 0.006107783095964825,
			"nmda_ratio": 7.457888792064418
		},
		"synapse_7": {
			"type": "TH_ChAT10-89",
			"experiment": "GBZ_CC_H20",
			"U": 0.06492510771127863,
			"tauR": 0.46317346667894665,
			"tauF": 0.49901655265361267,
			"tau": 0.2557959089414781,
			"cond": 0.0013078893671300135,
			"nmda_ratio": 5.394959112351924
		},
		"synapse_8": {
			"type": "TH_ChAT12-91",
			"experiment": "GBZ_CC_H20",
			"U": 0.06364188092206005,
			"tauR": 1.2443813053375463,
			"tauF": 0.6384878426857824,
			"tau": 0.2491553343245771,
			"cond": 0.006616899958846777,
			"nmda_ratio": 3.733581388926857
		},
		"synapse_9": {
			"type": "TH_ChAT15-93",
			"experiment": "GBZ_CC_H20",
			"U": 0.11732436670051506,
			"tauR": 1.8170263915969032,
			"tauF": 1.0306776390196284,
			"tau": 0.12265739883629699,
			"cond": 0.001210074482581855,
			"nmda_ratio": 5.696459632315768
		},
		"synapse_10": {
			"type": "TH_ChAT18-95",
			"experiment": "GBZ_CC_H20",
			"U": 0.04573248167301802,
			"tauR": 0.8807233790633275,
			"tauF": 0.0015429353730847084,
			"tau": 0.487182049794693,
			"cond": 0.008418802047866797,
			"nmda_ratio": 5.807236221207484
		},
		"synapse_11": {
			"type": "TH_ChAT1-146",
			"experiment": "GBZ_CC_H20",
			"U": 0.18695153836128,
			"tauR": 0.9731532026976364,
			"tauF": 0.05186525202190177,
			"tau": 0.26141277627315673,
			"cond": 0.00823507319855758,
			"nmda_ratio": 7.413886797790392
		},
		"synapse_12": {
			"type": "TH_ChAT12-174",
			"experiment": "GBZ_CC_H20",
			"U": 0.07190829441549669,
			"tauR": 1.5027842217792273,
			"tauF": 0.8599810804747583,
			"tau": 0.7118478585030623,
			"cond": 0.002324044617500913,
			"nmda_ratio": 5.465296265994724
		},
		"synapse_13": {
			"type": "TH_CHAT8-192",
			"experiment": "GBZ_CC_H20",
			"U": 0.07917225111533943,
			"tauR": 1.0908714186715187,
			"tauF": 0.059028564501269545,
			"tau": 0.0770868427574582,
			"cond": 0.015346746058846384,
			"nmda_ratio": 5.116736022489087
		},
		"synapse_14": {
			"type": "TH_ChAT6-230",
			"experiment": "GBZ_CC_H20",
			"U": 0.29894677852097185,
			"tauR": 1.01299866446843,
			"tauF": 0.009512864422818158,
			"tau": 0.034105243808378684,
			"cond": 0.04326711958306582,
			"nmda_ratio": 5.131106226248744
		},
		"synapse_15": {
			"type": "TH_ChAT5-237",
			"experiment": "GBZ_CC_H20",
			"U": 0.16972880713439,
			"tauR": 0.45609667407502635,
			"tauF": 0.10110450308046583,
			"tau": 0.08609441322135879,
			"cond": 0.005821255414561383,
			"nmda_ratio": 6.970712629360854
		},
		"synapse_16": {
			"type": "TH_ChAT8-240",
			"experiment": "GBZ_CC_H20",
			"U": 0.4663061601479599,
			"tauR": 0.05306260449579116,
			"tauF": 0.13410602887118883,
			"tau": 0.021016947245248954,
			"cond": 0.0029308105155617797,
			"nmda_ratio": 4.559775711791966
		}
	}
}
